{
  "model": "gpt2-small",
  "dataset_size": "small",
  "n_examples": 100,
  "clean_logit_diff": -0.12644484639167786,
  "corrupt_logit_diff": 0.4248676300048828,
  "corruption_effect": -0.5513124763965607,
  "clean_accuracy": 0.0,
  "corrupt_accuracy": 0.0,
  "mean_effect": -0.0038425251841545105,
  "std_effect": 0.017123350873589516,
  "max_effect": 0.049866825342178345,
  "min_effect": -0.11827817559242249
}